xmin,gamma,ks_stat,ks_p
59.0,2.9295890642488533,0.3950617283950617,3.5626126052278894e-51
