cenario,lcc,percentual
Original,7144,100.0
Remoção aleatória (5%),6787,95.00279955207166
Remoção dos hubs (5%),17,0.23796192609182532
